{
  "timestamp": "2026-06-14T17:03:05.632356Z",
  "xgb": {
    "best_params": {
      "n_estimators": 100,
      "max_depth": 7,
      "learning_rate": 0.012967305184936048,
      "subsample": 0.6279177486297374,
      "colsample_bytree": 0.9653234814263161,
      "gamma": 1.8560850006265428e-07,
      "reg_alpha": 2.7136483391971307e-06,
      "reg_lambda": 0.0008320051600539353
    },
    "accuracy": 0.6537678207739308,
    "precision": 0.6790123456790124,
    "recall": 0.642023346303502,
    "f1": 0.66,
    "auc": 0.7265289833383217
  },
  "lgb": {
    "best_params": {
      "n_estimators": 300,
      "num_leaves": 18,
      "max_depth": 8,
      "learning_rate": 0.011714692324324054,
      "subsample": 0.8914898670085177,
      "colsample_bytree": 0.8534106746409529
    },
    "accuracy": 0.6558044806517311,
    "precision": 0.691304347826087,
    "recall": 0.6186770428015564,
    "f1": 0.6529774127310062,
    "auc": 0.7159200505504008
  }
}