{
  "timestamp": "2026-06-14T17:01:29.676176Z",
  "xgb": {
    "best_params": {
      "n_estimators": 200,
      "max_depth": 7,
      "learning_rate": 0.024295006666959322,
      "subsample": 0.7038965929822468,
      "colsample_bytree": 0.9369129339056966,
      "gamma": 1.038977330771622e-05,
      "reg_alpha": 1.7528494061943722e-07,
      "reg_lambda": 0.0005568934202183779
    },
    "accuracy": 0.6680244399185336,
    "precision": 0.6958333333333333,
    "recall": 0.6498054474708171,
    "f1": 0.6720321931589537,
    "auc": 0.722970501180618
  },
  "lgb": {
    "best_params": {
      "n_estimators": 300,
      "num_leaves": 18,
      "max_depth": 8,
      "learning_rate": 0.010544727826173005,
      "subsample": 0.7706639436152092,
      "colsample_bytree": 0.859568672395191
    },
    "accuracy": 0.6578411405295316,
    "precision": 0.6943231441048034,
    "recall": 0.6186770428015564,
    "f1": 0.654320987654321,
    "auc": 0.7138248694668929
  }
}